"unique","milk.1","milk.2","milk.3","milk.4","milk.5","milk.6","milk.7","milk.8","milk.9","milk.10","dim.1","dim.2","dim.3","dim.4","dim.5","dim.6","dim.7","dim.8","dim.9","dim.10"
"K274-P106",51.4,60.9,47.1,35.4,42.6,33.3,33.7,34.1,28.2,21.1,22,50,78,113,141,183,204,232,266,295
"K148-P187",17.9,29.5,25.1,27.2,30.2,27.6,25,29.3,18.7,18.9,6,32,67,95,124,151,180,208,236,263
"K613-P87",NA,NA,NA,NA,NA,NA,NA,NA,NA,NA,NA,NA,NA,NA,NA,NA,NA,NA,NA,NA
"K295-P721",45.4,41.9,NA,NA,NA,NA,NA,NA,NA,NA,26,63,NA,NA,NA,NA,NA,NA,NA,NA
"K522-P374",39.8,39,35,37.8,30.2,24.1,33.4,24.5,24.7,9.6,16,44,78,105,133,170,198,224,254,288
"K66-P559",44,37,35.4,41.9,38.1,34.7,31.1,28.6,27.7,27.5,39,66,100,142,182,219,254,288,332,359
"K910-P149",28,30.5,15.9,25.9,31.8,25.1,18.3,19.9,NA,NA,26,54,104,147,188,217,323,371,NA,NA
"K584-P193",NA,NA,NA,NA,NA,NA,NA,NA,NA,NA,NA,NA,NA,NA,NA,NA,NA,NA,NA,NA
"K81-P289",38.2,31.2,34.9,33.2,30.8,29.8,18.9,11.9,11.8,8.2,12,40,68,103,131,164,194,222,250,278
"K136-P177",23.5,NA,NA,NA,NA,NA,NA,NA,NA,NA,25,NA,NA,NA,NA,NA,NA,NA,NA,NA
"K614-P81",40.8,NA,NA,NA,NA,NA,NA,NA,NA,NA,40,NA,NA,NA,NA,NA,NA,NA,NA,NA
"K37-P1163",37.2,35.7,34.8,29.4,23,21.2,12.4,NA,NA,NA,44,79,108,135,179,212,247,NA,NA,NA
"K590-P153",25.1,NA,NA,NA,NA,NA,NA,NA,NA,NA,35,NA,NA,NA,NA,NA,NA,NA,NA,NA
"K567-P267",NA,NA,NA,NA,NA,NA,NA,NA,NA,NA,NA,NA,NA,NA,NA,NA,NA,NA,NA,NA
"K644-P640",41.8,45,43,40.3,38.6,34.2,26.4,26.8,21.4,15,17,51,80,107,142,172,198,234,263,298
"K369-P1006",31.2,32,26,NA,NA,NA,NA,NA,NA,NA,34,81,123,NA,NA,NA,NA,NA,NA,NA
"K669-P194",NA,NA,NA,NA,NA,NA,NA,NA,NA,NA,NA,NA,NA,NA,NA,NA,NA,NA,NA,NA
"K42-P294",29.5,33.8,33.4,25.4,30.4,33.5,31.1,28,27.9,32.7,24,58,85,109,149,183,207,233,262,289
"K980-P91",42.4,35,28.9,37.6,36.4,30.8,32,24.3,25.5,NA,39,59,95,130,158,185,215,249,277,NA
"K198-P264",32,31.8,32.8,26,26.2,23.2,20.8,19.6,14.6,14,32,52,80,115,146,178,205,235,263,290
"K856-P74",27.6,25.3,21.9,17.3,19.1,17.2,17.9,16.1,15.9,14.1,23,58,86,114,137,170,206,240,268,295
"K667-P140",41.4,42.2,42.2,36.5,29.4,27.6,24.3,18.7,NA,NA,20,50,84,112,176,210,239,265,NA,NA
"K488-P153",39.6,38.9,42,35.4,35.4,31.8,28.6,26.8,25.3,17.2,24,55,91,130,151,179,207,235,265,292
"K811-P259",31,29.2,33.8,24.2,26.2,23.2,18.2,20,16,NA,32,68,90,122,186,217,249,307,371,NA
"K638-P229",NA,NA,NA,NA,NA,NA,NA,NA,NA,NA,NA,NA,NA,NA,NA,NA,NA,NA,NA,NA
"K970-P424",31.3,21.6,32.4,30,28,24.2,18.5,10.1,NA,NA,46,74,105,147,180,214,249,286,NA,NA
"K408-P340",34.2,33.5,40.1,34.9,36,29.6,24.8,26.4,18.6,15.7,12,46,76,109,145,172,200,235,263,291
"K470-P157",29.4,28.4,27,32.2,29.8,28.6,27.6,26,23.6,15.2,51,86,114,149,177,203,239,266,296,331
"K232-P681",24.6,18.6,21.2,18.6,NA,NA,NA,NA,NA,NA,194,232,259,288,NA,NA,NA,NA,NA,NA
"K993-P495",33.2,38,42.4,41,43.4,43.2,34.2,33.2,35.6,NA,15,50,84,120,148,176,232,268,296,NA
"K810-P64",32.2,49.6,43.4,41.9,34.4,33.4,30.8,30.4,33.2,33.6,6,38,67,94,129,157,196,219,252,276
"K335-P259",27.9,23.9,23.9,20.7,13.9,NA,NA,NA,NA,NA,17,47,80,108,136,NA,NA,NA,NA,NA
"K396-P1521",37.7,39.7,31.1,31.5,24.7,31.4,22.5,23.5,23,22.4,7,51,100,119,160,202,245,281,321,363
"K26-P605",19.1,29.8,31.8,33.7,32,33.8,26,24.8,16.9,17.8,27,55,83,118,153,181,209,237,265,300
"K962-P382",20.4,10.6,NA,NA,NA,NA,NA,NA,NA,NA,203,237,NA,NA,NA,NA,NA,NA,NA,NA
"K658-P937",18,20.2,24,21.4,19.2,NA,NA,NA,NA,NA,196,224,252,287,315,NA,NA,NA,NA,NA
"K530-P364",NA,NA,NA,NA,NA,NA,NA,NA,NA,NA,NA,NA,NA,NA,NA,NA,NA,NA,NA,NA
"K730-P181",NA,NA,NA,NA,NA,NA,NA,NA,NA,NA,NA,NA,NA,NA,NA,NA,NA,NA,NA,NA
"K738-P92",42.4,48.4,37.8,32.6,32.4,29.8,25,20.4,NA,NA,23,54,100,151,184,214,241,290,NA,NA
"K700-P211",34.5,36,31.5,28,26,25,26,23.5,18.5,18.5,18,46,74,109,137,172,200,229,261,291
"K514-P172",35.9,37.8,39.9,35.5,36.2,29.6,28.4,24.8,26,20.7,7,38,65,92,120,154,191,218,246,272
"K209-P138",45.1,49,51.2,45.7,48.7,36.5,39,35.1,29,26.3,24,52,82,110,139,174,202,229,259,291
"K853-P150",32.9,25.2,22.6,23.8,22.3,21.2,21.6,NA,NA,NA,45,88,159,193,222,257,299,NA,NA,NA
"K208-P118",27,35,28,32,33.2,34.6,27.2,21.8,19.6,15.8,9,51,87,114,149,178,219,255,289,331
"K922-P155",40.6,53.2,47.8,34.3,31,NA,NA,NA,NA,NA,17,52,86,129,164,NA,NA,NA,NA,NA
"K634-P920",29.6,32.6,28,31.2,31.2,28.2,23.4,26.6,28.6,22.8,20,55,90,111,153,174,202,237,265,293
"K345-P769",NA,NA,NA,NA,NA,NA,NA,NA,NA,NA,NA,NA,NA,NA,NA,NA,NA,NA,NA,NA
"K822-P112",52,48.2,47.8,41.4,39.8,37.4,35,33.8,27.3,NA,26,76,104,130,159,186,223,257,285,NA
"K504-P481",25.4,31.7,33.9,34.1,34.6,29.2,26,NA,NA,NA,19,69,117,165,215,271,327,NA,NA,NA
"K819-P120",42.8,39.1,27.9,29.8,31.6,24.2,22.3,15.8,NA,NA,41,76,117,151,188,223,256,291,NA,NA
"K992-P666",30.8,33.9,32.9,32.8,32,27.5,24.9,24.8,22,17.6,20,51,86,113,148,176,205,239,267,296
"K693-P516",NA,NA,NA,NA,NA,NA,NA,NA,NA,NA,NA,NA,NA,NA,NA,NA,NA,NA,NA,NA
"K976-P266",25.9,27.5,23.8,27,23.3,26.2,23.1,24.9,NA,NA,100,127,156,191,219,247,275,303,NA,NA
"K174-P280",41.6,56.4,47.6,47.7,46.5,41.4,40.2,39,30.9,24.4,18,55,81,118,144,172,200,229,264,292
"K617-P252",NA,NA,NA,NA,NA,NA,NA,NA,NA,NA,NA,NA,NA,NA,NA,NA,NA,NA,NA,NA
"K83-P334",40.9,40.6,45.8,33.7,33.5,31.5,31.7,32.4,25.6,30.6,33,62,89,126,153,189,216,250,278,313
"K87-P608",40.9,34.7,33.5,30.7,31.2,21.9,28.4,25.4,23.5,20.9,39,69,114,146,179,216,258,299,333,370
"K602-P315",21.3,26.4,20.5,19.1,25.4,22.3,25.7,25.7,21.6,19.5,12,39,75,103,137,194,222,257,285,313
"K907-P283",25.4,31.7,30.1,24.2,18.2,23.4,18.1,NA,NA,NA,9,38,72,99,159,217,268,NA,NA,NA
"K177-P202",27.5,45,48.2,39.8,40.6,30.2,34.6,16.1,27.9,16.5,8,36,64,98,127,155,183,211,239,281
"K778-P385",50.5,52.8,42.2,44.4,43.2,39.8,28.5,35,NA,NA,33,61,90,124,152,185,216,250,NA,NA
"K380-P14",40.2,31.1,28.4,24.3,20.4,18.6,18.6,16.6,16.9,16.2,20,84,112,174,202,230,266,294,328,356
"K568-P375",NA,NA,NA,NA,NA,NA,NA,NA,NA,NA,NA,NA,NA,NA,NA,NA,NA,NA,NA,NA
"K941-P202",30.6,30.6,28.8,28.3,29,26.8,27.4,25.2,24.4,24.5,19,45,73,106,136,170,202,226,255,289
"K683-P1333",39.1,41.4,33.4,30.9,26,26,23.1,23.6,26.1,21.3,28,57,85,122,148,180,210,236,267,302
"K730-P262",17.7,18.2,NA,NA,NA,NA,NA,NA,NA,NA,261,292,NA,NA,NA,NA,NA,NA,NA,NA
"K56-P420",31,35.6,27,29.2,29,25,26.2,24.4,22.8,NA,26,56,89,119,154,195,245,286,322,NA
"K238-P320",40.8,35.9,39.9,42.7,43.1,35.4,33.1,35.9,NA,NA,10,40,74,109,144,185,227,263,NA,NA
"K405-P511",38.8,33.9,31.1,22.3,NA,NA,NA,NA,NA,NA,181,227,258,293,NA,NA,NA,NA,NA,NA
"K553-P171",NA,NA,NA,NA,NA,NA,NA,NA,NA,NA,NA,NA,NA,NA,NA,NA,NA,NA,NA,NA
"K544-P415",37.4,41,40.8,34,32,27.8,27.6,24.6,25.8,NA,7,33,66,113,148,181,215,266,295,NA
"K732-P336",NA,NA,NA,NA,NA,NA,NA,NA,NA,NA,NA,NA,NA,NA,NA,NA,NA,NA,NA,NA
"K795-P188",42.8,46.9,42,38.2,36.2,31.9,26.8,24.8,20.5,21,32,59,99,124,183,213,290,340,373,407
"K315-P556",44,45,41.4,38.8,40.2,39.6,40.2,34,29.2,25.4,27,68,96,129,164,187,215,248,278,312
"K683-P1429",30.4,29.5,31.9,31.8,31.9,24.3,22.5,17.9,24.3,20.7,19,44,72,100,135,163,198,227,255,292
"K664-P163",37,20.8,14.4,NA,NA,NA,NA,NA,NA,NA,10,254,283,NA,NA,NA,NA,NA,NA,NA
"K355-P544",36.3,41.4,43.7,34.9,29,25.2,22.5,NA,NA,NA,27,79,118,146,176,208,236,NA,NA,NA
"K99-P231",44.6,40.8,37.4,37.8,35.6,28.8,33,25,23.2,16.2,24,52,80,115,143,171,206,234,266,297
"K118-P159",27.6,25.2,23.7,27.9,27.6,23.9,25.6,23.1,22.5,17.1,27,53,87,126,161,207,238,267,298,336
"K199-P292",15.7,NA,NA,NA,NA,NA,NA,NA,NA,NA,168,NA,NA,NA,NA,NA,NA,NA,NA,NA
"K125-P178",37,40,40.2,39.4,32.9,34.3,35.3,27.7,24.9,24.5,27,52,81,115,145,180,207,226,271,293
"K348-P363",41.5,42,36.9,38.5,36.6,30.6,25.9,25.6,18.9,16.6,12,40,75,99,131,165,192,226,258,285
"K827-P173",28.4,27.9,25.9,NA,NA,NA,NA,NA,NA,NA,73,130,190,NA,NA,NA,NA,NA,NA,NA
"K952-P287",40.6,38,35.2,31.6,28.1,29.9,22.7,22.7,16.3,15.3,23,51,79,114,142,170,233,261,324,352
"K435-P677",28.4,30.6,28.3,26.7,26.7,23.2,23.7,19.3,12.4,16.2,29,60,92,120,155,183,218,246,274,338
"K220-P314",22.1,24.1,20.5,20.6,NA,NA,NA,NA,NA,NA,29,65,127,263,NA,NA,NA,NA,NA,NA
"K349-P774",24.8,23.9,27.4,29.6,24.8,24.7,19.3,5.6,20,21.6,26,62,84,117,147,180,210,237,280,305
"K368-P1124",31.8,NA,NA,NA,NA,NA,NA,NA,NA,NA,28,NA,NA,NA,NA,NA,NA,NA,NA,NA
"K224-P298",30.6,33.6,35.5,30.6,33.1,27.5,25.6,21,17.2,NA,27,90,118,151,179,215,243,273,301,NA
"K435-P674",27.1,28.4,28.6,29.2,27.4,26.6,22.8,18.1,15.8,NA,34,65,97,125,160,188,223,251,279,NA
"K563-P594",22.2,20.6,20.8,10.8,11.9,18.4,20.2,21,17.7,17,20,53,112,137,175,207,235,278,321,363
"K827-P128",34,NA,NA,NA,NA,NA,NA,NA,NA,NA,29,NA,NA,NA,NA,NA,NA,NA,NA,NA
"K24-P55",30.6,29.5,31.8,42.2,37,35.8,21.8,26.5,21.8,NA,25,53,88,118,152,179,270,299,325,NA
"K181-P373",42.8,40,33.4,25,23.8,20.5,17.6,15.6,NA,NA,32,63,92,137,169,210,249,284,NA,NA
"K487-P183",42.8,46.5,40.1,32.6,37.5,28.2,30.1,24.7,21.5,18.4,25,66,93,130,158,193,229,257,291,331
"K568-P393",NA,NA,NA,NA,NA,NA,NA,NA,NA,NA,NA,NA,NA,NA,NA,NA,NA,NA,NA,NA
"K435-P535",36.8,49.8,46.8,45.6,38.7,35,32.7,26.9,27.1,14.7,10,41,73,101,136,164,199,227,255,319
"K288-P491",20.8,19.2,27.2,30.4,30.8,29.2,26.8,27.2,25.4,22.8,19,46,75,122,156,194,227,257,290,327
"K182-P220",34.4,44.6,48.3,33.5,36.1,37.2,42.4,39.8,26,21.6,13,41,69,105,132,167,195,223,258,286
"K80-P159",NA,NA,NA,NA,NA,NA,NA,NA,NA,NA,NA,NA,NA,NA,NA,NA,NA,NA,NA,NA
"K670-P147",35.7,43.3,31.6,25.2,25.2,NA,NA,NA,NA,NA,14,59,138,162,202,NA,NA,NA,NA,NA
"K67-P260",31.6,41,37.8,40,34.6,33.2,32.6,31.2,27.8,21.5,30,65,94,121,157,184,220,247,275,303
"K619-P151",26.1,38.2,37,37.8,36.6,34.6,38.2,31,20.1,10.1,9,68,94,130,165,192,229,255,296,326
"K802-P532",NA,NA,NA,NA,NA,NA,NA,NA,NA,NA,NA,NA,NA,NA,NA,NA,NA,NA,NA,NA
"K181-P310",40.8,35.8,30.2,26.2,21,NA,NA,NA,NA,NA,43,92,123,152,197,NA,NA,NA,NA,NA
"K356-P565",NA,NA,NA,NA,NA,NA,NA,NA,NA,NA,NA,NA,NA,NA,NA,NA,NA,NA,NA,NA
"K879-P29",31,30.4,30.6,30.6,36,29.2,26.2,28,26.6,23.6,25,53,73,113,141,169,204,235,267,295
"K517-P208",23.7,23.1,24.9,23.1,24.1,21.4,17.2,17.5,13,NA,11,59,100,146,184,226,262,291,328,NA
"K385-P777",34.8,38.6,36.3,40,38.2,35.6,31,30.5,30.4,NA,15,50,85,119,141,189,232,261,295,NA
"K992-P647",35.8,35.2,37,34.8,33.3,32.5,31.3,26,23.7,21,8,36,65,99,127,156,183,223,253,287
"K786-P112",39.9,29.9,30.8,31.8,23.9,22.3,19.9,17.9,15.9,10,54,89,117,145,173,208,236,271,299,334
"K753-P102",40.8,47.7,49.8,46.8,32.5,34.7,34.3,28.6,31.7,28.4,10,43,77,101,127,162,192,221,252,296
"K775-P303",36.5,34.9,37.8,36.6,32.8,37.6,37.9,33.5,32.8,23.8,5,34,61,89,116,148,175,203,237,273
"K901-P127",42.4,45.8,31.5,37.2,31.5,20.5,18.1,NA,NA,NA,17,43,71,121,170,245,276,NA,NA,NA
"K491-P138",30.3,36.2,35.5,33.3,34.2,32.6,28.4,29.2,27.6,20.5,12,39,70,98,124,159,187,216,245,279
"K341-P331",NA,NA,NA,NA,NA,NA,NA,NA,NA,NA,NA,NA,NA,NA,NA,NA,NA,NA,NA,NA
"K514-P53",41.4,51.4,58.8,44.3,47.3,32.5,34.9,32.5,28.7,23.5,30,61,88,115,143,177,214,241,269,295
"K414-P545",36.3,37.9,35.3,41,18.6,31.6,29.8,26,NA,NA,59,90,143,144,176,213,242,276,NA,NA
"K520-P293",42.6,38.6,37.7,35.3,29.2,30,27.2,20.2,NA,NA,25,63,95,138,174,217,251,293,NA,NA
"K482-P310",27.1,32.5,NA,NA,NA,NA,NA,NA,NA,NA,21,78,NA,NA,NA,NA,NA,NA,NA,NA
"K593-P336",34.4,34.8,37.8,30.5,23.6,25.2,22.3,17.7,18,11.5,40,67,91,119,151,180,207,243,271,299
"K971-P686",32.1,39.9,55.1,47,51.6,39.9,42.2,37.2,33.5,33.1,6,41,68,104,132,160,181,223,250,281
"K172-P241",NA,NA,NA,NA,NA,NA,NA,NA,NA,NA,NA,NA,NA,NA,NA,NA,NA,NA,NA,NA
"K328-P786",50.3,38,44.5,39.4,39.2,37.4,35.4,31.8,NA,NA,30,65,107,140,201,238,276,311,NA,NA
"K61-P904",30.4,NA,NA,NA,NA,NA,NA,NA,NA,NA,19,NA,NA,NA,NA,NA,NA,NA,NA,NA
"K910-P91",27.2,25.6,25.2,20.3,NA,NA,NA,NA,NA,NA,29,147,175,225,NA,NA,NA,NA,NA,NA
"K537-P285",NA,NA,NA,NA,NA,NA,NA,NA,NA,NA,NA,NA,NA,NA,NA,NA,NA,NA,NA,NA
"K847-P157",41.8,40.8,36.4,35.6,35.2,24,19.2,15.4,12.2,NA,12,47,76,97,132,221,258,285,319,NA
"K566-P176",NA,NA,NA,NA,NA,NA,NA,NA,NA,NA,NA,NA,NA,NA,NA,NA,NA,NA,NA,NA
"K606-P289",33.6,42.4,42.4,40.2,36.2,32.2,29,25.4,18.6,16.8,5,33,60,95,123,152,194,215,278,306
"K992-P631",42.2,49.2,46.8,41.4,40.8,36,33.2,32.8,30.6,28,28,63,90,125,153,182,216,244,273,300
"K281-P299",43,41.6,46.4,38,34.8,NA,NA,NA,NA,NA,149,189,232,280,322,NA,NA,NA,NA,NA
"K143-P447",23.9,29.5,13.4,15,16.4,14.9,13.4,NA,NA,NA,23,58,93,142,177,220,254,NA,NA,NA
"K92-P205",45.3,44.4,40.5,39.2,33.6,30.4,26.2,23.2,19,18.8,26,61,104,145,173,204,243,273,307,340
"K166-P305",36.6,35.8,35.8,31,32.6,29,27.2,24.4,29.4,25.2,31,65,90,118,153,181,209,244,272,300
"K466-P349",26.8,21.6,NA,NA,NA,NA,NA,NA,NA,NA,29,84,NA,NA,NA,NA,NA,NA,NA,NA
"K934-P8",26.4,32.8,30.7,26.6,25.7,20.7,17.4,NA,NA,NA,13,41,69,105,133,173,195,NA,NA,NA
"K852-P150",42,44.5,38.5,38.1,30.3,27,27.7,30.8,27.7,31,26,60,89,118,144,180,208,244,271,299
"K83-P435",32,24.6,22.9,20.5,19,18.4,16.7,18.4,NA,NA,30,64,93,120,157,184,220,247,NA,NA
"K771-P271",NA,NA,NA,NA,NA,NA,NA,NA,NA,NA,NA,NA,NA,NA,NA,NA,NA,NA,NA,NA
"K33-P265",NA,NA,NA,NA,NA,NA,NA,NA,NA,NA,NA,NA,NA,NA,NA,NA,NA,NA,NA,NA
"K516-P75",21.8,36.4,27.7,24.8,25.7,22.9,15.8,13.9,NA,NA,177,203,237,274,304,332,360,388,NA,NA
"K530-P341",NA,NA,NA,NA,NA,NA,NA,NA,NA,NA,NA,NA,NA,NA,NA,NA,NA,NA,NA,NA
"K830-P65",47.1,52,42.6,40.2,39.8,NA,NA,NA,NA,NA,17,49,84,119,155,NA,NA,NA,NA,NA
"K503-P281",36.5,38,37.4,34.2,25.4,27,28.4,23.2,24,22,30,64,101,135,186,220,256,291,327,368
"K779-P60",23.6,16.5,21.9,NA,NA,NA,NA,NA,NA,NA,32,64,88,NA,NA,NA,NA,NA,NA,NA
"K19-P2428",10,20,29.3,29.6,30.8,30.7,29,29.4,31,24,6,40,77,111,148,188,246,272,307,336
"K683-P1521",37.7,48.1,45.2,39.1,37,28.8,33.8,26,32,NA,31,60,88,125,151,183,213,239,270,NA
"K534-P221",NA,NA,NA,NA,NA,NA,NA,NA,NA,NA,NA,NA,NA,NA,NA,NA,NA,NA,NA,NA
"K61-P747",28.2,46.8,41.2,39.8,34,30.4,28.6,20.8,16.2,NA,6,37,85,113,149,184,219,260,301,NA
"K993-P551",22.8,23.8,24.8,24.2,25,22.6,NA,NA,NA,NA,16,44,73,107,136,192,NA,NA,NA,NA
"K509-P131",NA,NA,NA,NA,NA,NA,NA,NA,NA,NA,NA,NA,NA,NA,NA,NA,NA,NA,NA,NA
"K532-P213",NA,NA,NA,NA,NA,NA,NA,NA,NA,NA,2,NA,NA,NA,NA,NA,NA,NA,NA,NA
"K533-P423",NA,NA,NA,NA,NA,NA,NA,NA,NA,NA,NA,NA,NA,NA,NA,NA,NA,NA,NA,NA
"K934-P25",31.5,25.5,33.1,30.5,30.4,30.5,NA,NA,NA,NA,19,83,123,145,201,230,NA,NA,NA,NA
"K514-P146",28.4,35.7,35.1,37.4,27.8,35.7,33.6,29.6,30.6,26.4,21,52,90,120,149,184,212,241,274,310
"K734-P516",NA,NA,NA,NA,NA,NA,NA,NA,NA,NA,NA,NA,NA,NA,NA,NA,NA,NA,NA,NA
"K985-P335",29.6,30.2,30.2,26.4,26.7,26.7,23.8,17.5,16.2,18.9,53,80,115,143,206,234,267,298,331,366
"K609-P188",NA,NA,NA,NA,NA,NA,NA,NA,NA,NA,NA,NA,NA,NA,NA,NA,NA,NA,NA,NA
"K875-P94",28,30.5,36.3,24.8,16.8,26.6,16.7,18.1,NA,NA,12,41,74,123,158,203,244,272,NA,NA
"K9-P179",35.2,38.6,37.4,37.6,35,30.6,28.4,23,22.2,NA,20,48,84,105,133,174,203,231,259,NA
"K400-P176",NA,NA,NA,NA,NA,NA,NA,NA,NA,NA,NA,NA,NA,NA,NA,NA,NA,NA,NA,NA
"K842-P129",33.2,36.1,34.3,37.4,36.5,35.8,31.8,17.1,NA,NA,10,47,85,113,150,198,236,268,NA,NA
"K12-P567",30,28.8,23.4,NA,NA,NA,NA,NA,NA,NA,59,133,202,NA,NA,NA,NA,NA,NA,NA
"K227-P525",27.1,31.1,33.6,29.4,31.5,27.7,27.1,22.3,21.8,21,8,35,65,95,134,164,192,227,255,284
"K700-P272",40,32.5,27,26,26,23.5,20.5,21,18.5,17.5,32,60,95,124,157,200,236,271,311,340
"K10-P51",39.4,51.2,51.2,42.4,42,30.1,19.1,7.4,5.4,NA,15,46,74,110,139,165,200,228,256,NA
"K328-P746",30.9,44.4,47.2,44.1,38.2,34,34,NA,NA,NA,7,49,84,126,159,220,257,NA,NA,NA
"K236-P354",NA,NA,NA,NA,NA,NA,NA,NA,NA,NA,NA,NA,NA,NA,NA,NA,NA,NA,NA,NA
"K332-P1186",34,38.7,35.7,28.6,23.1,26,23.8,21.8,19.7,17.1,37,72,100,135,164,212,244,270,303,344
"K779-P140",24.3,24.8,25.2,23.7,24.4,22.9,22.7,19.7,17.3,NA,25,52,87,116,149,171,206,233,268,NA
"K725-P128",31.2,34.9,NA,NA,NA,NA,NA,NA,NA,NA,35,70,NA,NA,NA,NA,NA,NA,NA,NA
"K690-P147",NA,NA,NA,NA,NA,NA,NA,NA,NA,NA,NA,NA,NA,NA,NA,NA,NA,NA,NA,NA
"K194-P308",33.6,32.8,32,30.2,28.8,29.4,26.4,26,24.2,23.8,39,75,102,137,165,193,228,256,284,319
"K800-P170",32.3,36.6,35.2,29.6,34.1,27.5,33.8,25.9,29.9,24.4,10,35,68,108,132,157,187,220,251,285
"K496-P132",20.1,27.7,27.5,24,22.7,22.9,18.1,16.5,8.3,5.8,10,43,66,116,152,182,223,263,296,333
"K369-P888",51.2,42.8,44,29.6,22.2,17,16,NA,NA,NA,35,69,105,152,194,224,251,NA,NA,NA
"K318-P1115",22.5,23.3,23.1,23.3,22,19.3,19.2,15.8,15,14.9,22,57,101,129,169,197,232,267,315,345
"K1-P907",26.6,45,40.8,33.6,26.8,29.8,22.8,21.4,17.4,14,5,48,87,137,185,220,244,270,312,340
"K49-P109",42.2,49,41.2,38.8,35,34.6,30.8,24.2,20.6,23.4,20,50,77,105,142,176,211,247,279,307
"K232-P621",28.3,20.5,27.5,30.1,26,22.3,24.2,16,NA,NA,56,84,112,138,167,195,231,256,NA,NA
"K12-P894",30.9,28.9,22.5,NA,NA,NA,NA,NA,NA,NA,53,127,196,NA,NA,NA,NA,NA,NA,NA
"K748-P971",NA,NA,NA,NA,NA,NA,NA,NA,NA,NA,NA,NA,NA,NA,NA,NA,NA,NA,NA,NA
"K995-P307",15.2,15.8,21.2,14.4,20.8,16,15.6,NA,NA,NA,82,117,145,173,197,236,271,NA,NA,NA
"K816-P315",41,41,45.3,31.3,38.2,29.1,33.1,36.2,23.6,21.7,22,58,85,119,146,174,208,238,265,302
"K482-P259",NA,NA,NA,NA,NA,NA,NA,NA,NA,NA,NA,NA,NA,NA,NA,NA,NA,NA,NA,NA
"K847-P212",25,26.4,20.2,22.8,20.8,NA,NA,NA,NA,NA,1,30,64,91,126,NA,NA,NA,NA,NA
"K734-P367",NA,NA,NA,NA,NA,NA,NA,NA,NA,NA,NA,NA,NA,NA,NA,NA,NA,NA,NA,NA
"K773-P435",NA,NA,NA,NA,NA,NA,NA,NA,NA,NA,NA,NA,NA,NA,NA,NA,NA,NA,NA,NA
"K358-P833",NA,NA,NA,NA,NA,NA,NA,NA,NA,NA,NA,NA,NA,NA,NA,NA,NA,NA,NA,NA
"K131-P166",36.2,39.3,38,36.5,34.2,31.4,30.8,29.3,31.5,27.1,17,44,73,106,133,164,189,225,249,293
"K177-P279",38.2,40.6,37.8,37.8,32.2,34.6,30.6,26.9,21.5,NA,24,66,94,121,150,182,213,239,276,NA
"K691-P258",NA,NA,NA,NA,NA,NA,NA,NA,NA,NA,NA,NA,NA,NA,NA,NA,NA,NA,NA,NA
"K311-P1289",NA,NA,NA,NA,NA,NA,NA,NA,NA,NA,NA,NA,NA,NA,NA,NA,NA,NA,NA,NA
"K980-P70",27.7,36.6,35.6,35.8,36.4,34.8,32.6,36.4,28.1,25.1,30,65,85,121,156,184,211,241,366,394
"K569-P737",NA,NA,NA,NA,NA,NA,NA,NA,NA,NA,NA,NA,NA,NA,NA,NA,NA,NA,NA,NA
"K886-P141",34.6,44.9,32.5,27.3,24.4,23.1,22.5,16.4,10.4,NA,32,59,101,129,157,185,220,242,277,NA
"K514-P140",36.1,35.3,34.4,27.4,24.4,NA,NA,NA,NA,NA,30,57,85,111,142,NA,NA,NA,NA,NA
"K307-P456",28.6,29,33.5,24.4,23.1,22.2,19,21,20.1,21,9,50,86,114,156,193,211,248,275,310
"K970-P500",18.8,20.6,20.1,19.8,19.5,16.9,13.2,NA,NA,NA,26,70,106,141,173,215,243,NA,NA,NA
"K934-P95",31,36.9,31.8,32,25.2,24.6,NA,NA,NA,NA,13,41,69,105,133,173,NA,NA,NA,NA
"K7-P7",31.6,45,37,26.3,34.6,35.2,31.6,27.8,20.6,19.4,19,55,109,139,168,201,230,272,306,337
"K496-P53",28.8,16.7,21.2,14.5,14.9,12.5,7,16,NA,NA,33,75,109,142,165,215,251,281,NA,NA
"K492-P69",31.2,29.6,29.8,25.8,26.2,23.2,18.8,18.2,18.4,16.6,37,85,122,165,198,226,273,296,322,359
"K270-P681",NA,NA,NA,NA,NA,NA,NA,NA,NA,NA,NA,NA,NA,NA,NA,NA,NA,NA,NA,NA
"K575-P26",NA,NA,NA,NA,NA,NA,NA,NA,NA,NA,NA,NA,NA,NA,NA,NA,NA,NA,NA,NA
"K264-P856",52.8,55.1,55.8,51.6,47,48.4,44.4,42.2,29.5,34.2,58,86,114,142,183,208,242,275,303,332
"K259-P336",NA,NA,NA,NA,NA,NA,NA,NA,NA,NA,NA,NA,NA,NA,NA,NA,NA,NA,NA,NA
"K8-P271",45.2,40.1,51,30.9,25.2,NA,NA,NA,NA,NA,60,120,146,217,273,NA,NA,NA,NA,NA
"K799-P397",36.7,31.7,33.8,NA,NA,NA,NA,NA,NA,NA,23,55,83,NA,NA,NA,NA,NA,NA,NA
"K568-P321",NA,NA,NA,NA,NA,NA,NA,NA,NA,NA,NA,NA,NA,NA,NA,NA,NA,NA,NA,NA
"K806-P604",NA,27,33.2,34.8,43.9,35.1,30.3,20.5,20.5,27.4,1,28,56,120,148,183,211,273,299,336
"K941-P79",NA,NA,NA,NA,NA,NA,NA,NA,NA,NA,NA,NA,NA,NA,NA,NA,NA,NA,NA,NA
"K240-P338",40.5,40.6,20.3,28.4,31.1,28.3,26.4,30.6,28.1,26.3,12,38,103,133,165,195,226,252,285,318
"K604-P354",NA,NA,NA,NA,NA,NA,NA,NA,NA,NA,NA,NA,NA,NA,NA,NA,NA,NA,NA,NA
"K23-P447",NA,NA,NA,NA,NA,NA,NA,NA,NA,NA,NA,NA,NA,NA,NA,NA,NA,NA,NA,NA
"K195-P466",32.3,30.3,28.5,27.5,20.5,NA,NA,NA,NA,NA,39,88,158,214,277,NA,NA,NA,NA,NA
"K612-P856",47.6,40.6,28,32.2,30,22.9,22.9,20.5,18.7,16.1,14,56,122,140,173,206,235,269,297,328
"K659-P362",23.8,39.1,33.3,25.7,25.9,37.2,21.2,16,NA,NA,14,48,77,104,133,167,196,223,NA,NA
"K361-P185",41.6,47.6,44.4,41.2,35.6,27.4,NA,20.2,18,NA,23,58,91,127,167,209,236,251,274,NA
"K8-P168",48.6,44,32.3,28.9,24,10,NA,NA,NA,NA,43,97,172,242,302,328,NA,NA,NA,NA
"K823-P96",34.3,41.2,31,29.4,26.9,26.2,21,19.3,NA,NA,25,54,104,153,205,235,269,305,NA,NA
"K843-P4",42,32.8,47.2,50.3,44.5,46.4,40.6,38.4,31.6,36.5,11,35,68,106,131,175,209,237,272,315
"K697-P181",44,36.2,47.5,40.8,40.3,33.7,38.5,32,33,28,23,59,86,114,149,177,212,239,263,303
"K622-P533",43.9,41.3,36.2,36.1,31.7,27.9,29.8,27,19.5,NA,36,64,92,114,148,183,211,246,280,NA
"K672-P196",NA,NA,NA,NA,NA,NA,NA,NA,NA,NA,NA,NA,NA,NA,NA,NA,NA,NA,NA,NA
"K55-P245",48.4,15.8,43.2,41.9,44.6,42.4,35.7,32.7,32.4,NA,52,89,123,154,193,221,264,327,362,NA
"K88-P489",20.4,31.6,25.8,30.2,24.4,28.2,23.4,23.6,22.4,19.2,17,59,93,131,164,206,233,282,320,362
"K876-P9",20.8,28.4,28.4,28,24.8,22.6,25.6,15.6,17.4,12.8,7,35,70,98,126,160,189,223,252,280
"K48-P1048",27.3,31.3,28.8,26.1,26.3,25.5,23.9,18.8,15.4,13.6,27,62,89,115,144,173,208,237,299,327
"K378-P54",24,23.9,23.1,18.9,9.7,NA,NA,NA,NA,NA,168,196,224,252,287,NA,NA,NA,NA,NA
"K275-P347",31.5,46,45,28,27,23,24,NA,NA,NA,7,41,83,118,161,188,216,NA,NA,NA
"K337-P505",41.8,27.9,34.4,31,29.6,30.2,25.9,25.1,NA,NA,53,81,110,139,166,194,293,319,NA,NA
"K759-P542",41.1,43.6,33.6,23.9,30.6,30,31.4,30.2,22.4,22.5,42,66,95,118,157,185,209,261,298,328
"K497-P96",26.6,39,30,37.6,34.6,26.8,15.6,NA,NA,NA,8,42,76,106,138,167,194,NA,NA,NA
"K739-P2",45,48.6,50.4,46.1,41.8,36.5,39,31.3,27.7,23.9,23,51,85,112,141,169,197,226,266,301
"K557-P220",NA,NA,NA,NA,NA,NA,NA,NA,NA,NA,NA,NA,NA,NA,NA,NA,NA,NA,NA,NA
"K113-P620",NA,NA,NA,NA,NA,NA,NA,NA,NA,NA,NA,NA,NA,NA,NA,NA,NA,NA,NA,NA
"K837-P55",40.2,30.6,33.6,31.1,30.8,29.5,32.1,25.6,19.3,NA,25,46,93,129,155,204,240,274,309,NA
"K464-P218",29.8,38.2,37.8,31.7,NA,NA,NA,NA,NA,NA,15,50,82,108,NA,NA,NA,NA,NA,NA
"K620-P572",29,32,33,23.1,26.2,24,22.3,15.8,7.8,NA,29,60,92,129,155,190,217,248,281,NA
"K427-P145",27,33.6,35.4,23.3,28.5,24.9,18.7,14.8,13.5,7.4,20,49,91,126,166,204,237,277,307,341
"K142-P397",47,49.8,46.2,43.9,42.9,44.5,38.4,32.6,30.3,28.5,18,51,68,94,123,144,179,213,246,270
"K689-P1573",37.6,38.6,34.4,34.2,32.9,33.6,30.9,25.1,22.6,19.2,38,78,108,134,163,203,227,267,308,339
"K772-P160",NA,NA,NA,NA,NA,NA,NA,NA,NA,NA,NA,NA,NA,NA,NA,NA,NA,NA,NA,NA
"K76-P567",29.8,28.8,29,26.8,23.4,24,22.7,15,NA,NA,48,95,146,185,222,251,297,343,NA,NA
"K953-P1769",NA,NA,NA,NA,NA,NA,NA,NA,NA,NA,NA,NA,NA,NA,NA,NA,NA,NA,NA,NA
"K136-P180",42,44.6,42.4,37.4,32,26.3,26,NA,NA,NA,22,51,85,122,162,200,225,NA,NA,NA
"K83-P335",38.3,42.5,32,39.6,27,25.2,22.9,15.6,11.3,NA,29,56,90,118,153,181,209,244,272,NA
"K963-P62",NA,NA,NA,NA,NA,NA,NA,NA,NA,NA,NA,NA,NA,NA,NA,NA,NA,NA,NA,NA
"K527-P334",22.3,24.8,25.2,28.6,30.9,30.5,27.3,21.9,22.7,19.5,24,51,79,114,149,178,207,233,269,296
"K110-P704",NA,NA,NA,NA,NA,NA,NA,NA,NA,NA,NA,NA,NA,NA,NA,NA,NA,NA,NA,NA
"K612-P944",36,41.9,29.6,32.2,32.7,18.1,27.4,22.9,17.9,8.3,26,54,78,108,141,170,198,240,306,324
"K244-P92",NA,43.2,45,34.8,35.4,31.6,29.8,30.2,23.2,21.6,4,40,68,96,130,159,187,215,250,278
"K924-P65",29.4,40.2,38.6,35.8,35.6,38.8,36.2,33.1,35.3,31.1,17,53,86,111,140,167,199,233,263,290
"K332-P1134",24.6,42,34.9,31.9,28.3,35.3,29.4,20.2,19.7,NA,6,34,69,98,146,178,204,237,278,NA
"K214-P310",NA,NA,NA,NA,NA,NA,NA,NA,NA,NA,NA,NA,NA,NA,NA,NA,NA,NA,NA,NA
"K303-P954",20.3,20.6,19.8,18.7,22.1,14.4,NA,NA,NA,NA,17,46,99,133,173,210,NA,NA,NA,NA
"K295-P651",39,32.8,36.7,27.3,26.7,24.4,27.5,20.7,33.5,17.5,43,66,92,130,169,191,214,251,286,331
"K463-P102",35.7,37.2,33.3,37.4,31.7,31.3,33.6,31.6,24.4,22.9,32,60,88,116,153,179,220,242,270,305
"K631-P110",35.6,NA,NA,NA,NA,NA,NA,NA,NA,NA,12,NA,NA,NA,NA,NA,NA,NA,NA,NA
"K598-P114",22.2,23.6,21.4,19.8,21.2,22,19.4,19.2,15.6,13.6,34,63,90,125,153,181,216,244,272,307
"K331-P1391",25.7,26.6,21.7,17.6,17.1,NA,NA,NA,NA,NA,176,204,268,329,388,NA,NA,NA,NA,NA
"K563-P598",NA,NA,NA,NA,NA,NA,NA,NA,NA,NA,NA,NA,NA,NA,NA,NA,NA,NA,NA,NA
"K991-P613",NA,NA,NA,NA,NA,NA,NA,NA,NA,NA,NA,NA,NA,NA,NA,NA,NA,NA,NA,NA
"K745-P356",34.4,38.6,40.8,39.2,35.2,33.2,30.1,22.3,NA,NA,48,92,140,184,231,279,324,365,NA,NA
"K63-P816",61.8,65.6,61.8,58.4,56.2,51.2,42.6,35.8,32.4,30.4,17,47,83,109,137,173,207,241,264,291
"K168-P65",NA,NA,NA,NA,NA,NA,NA,NA,NA,NA,NA,NA,NA,NA,NA,NA,NA,NA,NA,NA
"K242-P308",23.1,42,44.2,44.2,33.6,37.1,25.2,24.2,22.7,NA,17,45,82,107,136,164,199,227,289,NA
"K768-P88",44.4,51.9,46.8,44.6,41.4,34.3,32.4,26.3,24.1,18.5,24,52,80,115,143,170,199,232,261,295
"K20-P97",26.2,42.8,47.4,39.2,43.8,32.4,37.2,35.1,34.5,26,24,52,80,108,143,164,203,226,254,295
"K369-P818",49.8,50.2,50.8,50,47.4,37.8,34.8,18.8,NA,NA,23,58,88,120,157,191,227,274,NA,NA
"K884-P269",22.3,35.1,25.2,27.9,26.6,30.1,23.3,20.8,20.3,NA,11,39,74,102,130,157,193,221,249,NA
"K494-P377",NA,NA,NA,NA,NA,NA,NA,NA,NA,NA,NA,NA,NA,NA,NA,NA,NA,NA,NA,NA
"K958-P277",39.4,44.8,43.3,39.4,38.1,37.4,34,34.8,26.9,12.3,33,61,82,121,143,172,205,241,274,305
"K8-P197",33.6,27.5,24.9,18.8,13.7,NA,NA,NA,NA,NA,73,133,159,230,286,NA,NA,NA,NA,NA
"K409-P483",44,44.6,43,37.4,38.5,31.6,32.6,20.2,NA,NA,33,66,110,138,180,222,246,289,NA,NA
"K578-P140",NA,NA,NA,NA,NA,NA,NA,NA,NA,NA,NA,NA,NA,NA,NA,NA,NA,NA,NA,NA
"K612-P973",27.1,25.8,21.7,19.3,20.1,19.2,15.4,13.5,6.7,NA,58,76,109,142,171,205,233,264,293,NA
"K843-P105",50.2,55.4,53.8,46,43.9,40.8,36.6,20.9,NA,NA,20,58,83,127,161,189,224,267,NA,NA
"K722-P6",NA,NA,NA,NA,NA,NA,NA,NA,NA,NA,NA,NA,NA,NA,NA,NA,NA,NA,NA,NA
"K917-P5",35,43.7,40.4,NA,NA,NA,NA,NA,NA,NA,24,58,85,NA,NA,NA,NA,NA,NA,NA
"K560-P287",NA,NA,NA,NA,NA,NA,NA,NA,NA,NA,NA,NA,NA,NA,NA,NA,NA,NA,NA,NA
"K25-P10",50,50.5,51,47.6,41.4,42,39.6,34.2,34,28.6,35,63,96,119,144,168,203,242,265,290
"K460-P110",49.7,44.6,39.9,42,35.3,30.2,28.8,21,16.8,9.3,17,52,80,108,143,200,234,264,292,325
"K303-P544",28.6,29.8,32.1,29.6,33.4,29,12.2,11.1,NA,NA,6,35,74,104,140,174,217,244,NA,NA
"K496-P102",30.2,36.8,NA,39.1,32.8,27,21.5,32,20.9,22.1,14,54,57,87,124,160,196,230,265,300
"K250-P332",45.8,43.5,44.3,48.4,34.2,29.4,25.3,NA,NA,NA,20,68,103,133,194,223,288,NA,NA,NA
"K463-P84",35,42,42.8,32.9,30.9,27.2,26.7,21.4,17.9,NA,13,48,76,104,132,169,195,236,258,NA
"K328-P974",19.7,29.5,25.3,26.3,28.4,26.6,21.5,18.3,15,NA,40,77,115,150,192,225,268,302,338,NA
"K827-P144",39.2,40.2,33.7,22.5,23.2,25.7,NA,NA,NA,NA,47,107,219,281,348,407,NA,NA,NA,NA
"K251-P488",26.8,28.2,31,32,28.6,28.2,26.8,25.2,25,21,10,44,73,101,136,164,193,227,255,282
"K260-P236",NA,NA,NA,NA,NA,NA,NA,NA,NA,NA,NA,NA,NA,NA,NA,NA,NA,NA,NA,NA
"K280-P286",23.8,NA,NA,NA,NA,NA,NA,NA,NA,NA,29,NA,NA,NA,NA,NA,NA,NA,NA,NA
"K896-P132",40.6,29.5,25.6,25.2,16.2,14.4,NA,NA,NA,NA,42,92,154,211,266,328,NA,NA,NA,NA
"K145-P289",38.9,48.6,47.2,40.3,34.2,NA,NA,NA,NA,NA,11,36,77,98,132,NA,NA,NA,NA,NA
"K681-P92",49.2,51.8,47,43.2,48.7,45.1,37.2,32.9,30.1,NA,18,60,100,141,178,221,253,291,326,NA
"K128-P134",39.4,34.1,17.7,30,23.3,26.4,27.6,17.9,21,16.8,18,48,83,129,146,174,195,237,263,324
"K469-P337",37.7,42.3,52.6,38.6,34.8,27,28.8,24,24.2,11.5,16,49,72,113,135,169,198,227,261,288
"K940-P44",32.3,30.9,32.5,27.5,23.4,23.1,16,22.9,34.4,21.7,18,45,79,108,143,171,199,235,263,291
"K446-P140",NA,NA,NA,NA,NA,NA,NA,NA,NA,NA,NA,NA,NA,NA,NA,NA,NA,NA,NA,NA
"K348-P418",36.1,42.1,38.2,38.1,33.5,32.4,30.8,24.6,23,19.8,11,38,69,101,129,157,190,221,251,283
"K754-P33",38.3,41,38.4,36.1,33.9,31.9,25.1,15.9,NA,NA,26,56,85,121,144,185,234,266,NA,NA
"K704-P1003",22.9,24.4,22.9,21.9,26.4,20.3,20.7,16.2,NA,NA,19,53,81,110,137,188,236,265,NA,NA
"K832-P9",58.3,64.2,55,56.7,47,60.9,55.3,50.6,NA,NA,33,68,111,146,178,216,244,287,NA,NA
"K982-P177",16.4,24.9,21,24.2,21.4,20.1,19.3,22.3,19.4,22.5,10,45,79,107,142,170,205,233,261,289
"K515-P121",41.1,36.7,36.7,42.4,31.3,30,33.3,32.6,25.1,21.6,11,38,80,101,129,164,199,221,256,284
"K461-P202",21.6,16.6,16.7,10.5,NA,NA,NA,NA,NA,NA,166,196,238,263,NA,NA,NA,NA,NA,NA
"K584-P306",NA,NA,NA,NA,NA,NA,NA,NA,NA,NA,NA,NA,NA,NA,NA,NA,NA,NA,NA,NA
"K155-P225",19.4,31.4,34,34.2,31,33.4,28.2,28.2,19.9,NA,9,53,80,102,131,172,195,233,257,NA
"K824-P664",NA,NA,NA,NA,NA,NA,NA,NA,NA,NA,NA,NA,NA,NA,NA,NA,NA,NA,NA,NA
"K629-P9",44.2,48.8,48.6,46.8,44,42.2,40.8,31.2,25.8,NA,32,67,92,123,158,186,214,249,277,NA
"K8-P240",53.5,53.5,43.2,40.1,29.5,32,29.3,27,14.9,NA,37,63,134,190,271,317,357,386,505,NA
"K182-P264",27.3,28.3,31.1,27.5,27.3,26.4,23.5,19,18.1,19.3,39,67,95,130,158,186,221,249,277,312
"K715-P252",NA,NA,NA,NA,NA,NA,NA,NA,NA,NA,NA,NA,NA,NA,NA,NA,NA,NA,NA,NA
"K831-P83",28.8,28.3,35.9,35.5,30.6,33.2,40.1,34.4,24.8,NA,35,71,91,126,154,182,217,245,308,NA
"K427-P262",18.3,NA,NA,NA,NA,NA,NA,NA,NA,NA,27,NA,NA,NA,NA,NA,NA,NA,NA,NA
"K541-P607",28.9,35.6,NA,NA,NA,NA,NA,NA,NA,NA,13,33,NA,NA,NA,NA,NA,NA,NA,NA
"K660-P415",30.8,35.8,29.2,31.8,29,25.2,23,20.6,19.4,20.8,19,39,70,104,132,168,194,221,251,284
"K902-P119",NA,37,38.2,36.2,34.4,31.8,31.2,30.6,28,23.8,4,47,89,123,158,196,229,263,297,333
"K130-P637",25.1,37,39,37.6,35.3,32.8,28.9,30.2,24.1,20,14,41,82,113,155,183,209,250,299,342
"K898-P149",26,41.8,43.6,39.2,39,29,22.2,19,NA,NA,6,40,70,97,127,311,339,370,NA,NA
"K16-P399",NA,NA,NA,NA,NA,NA,NA,NA,NA,NA,NA,NA,NA,NA,NA,NA,NA,NA,NA,NA
"K263-P909",NA,31.7,36.7,31.5,36.3,32.4,24.4,25.7,19,19.8,4,32,54,81,133,159,202,236,273,305
"K191-P123",59.3,25.7,50.2,44.8,43.8,43.4,31.8,33.9,24.3,NA,38,82,124,159,206,243,282,312,354,NA
"K496-P67",42,36.2,42.8,32,20.7,24.1,21.1,9.8,14.4,NA,16,49,72,122,158,188,229,269,302,NA
"K824-P829",NA,NA,NA,NA,NA,NA,NA,NA,NA,NA,NA,NA,NA,NA,NA,NA,NA,NA,NA,NA
"K457-P97",37.1,39.5,38.9,34.9,33.2,29.4,24.8,23.6,19.2,18.7,11,39,67,94,124,160,188,222,251,279
"K622-P568",32.1,33,29.6,26.2,30.5,32.7,34.4,26.3,22.6,25,33,75,102,138,166,200,228,256,278,312
"K450-P161",23.4,16.6,NA,NA,NA,NA,NA,NA,NA,NA,10,36,NA,NA,NA,NA,NA,NA,NA,NA
"K672-P9",NA,NA,NA,NA,NA,NA,NA,NA,NA,NA,NA,NA,NA,NA,NA,NA,NA,NA,NA,NA
"K435-P399",37.8,42.5,31.7,34.9,33.6,35.5,29,19.1,NA,NA,18,46,74,105,137,165,200,228,NA,NA
"K510-P240",24.4,27.3,27.6,23.1,NA,NA,NA,NA,NA,NA,30,49,86,113,NA,NA,NA,NA,NA,NA
"K674-P415",25,26.4,30,31,30.6,34.4,31.2,29.4,25.6,26.6,9,35,65,94,128,157,185,211,241,281
"K510-P217",32.7,42.2,27.6,27.2,27.6,30.6,29.8,28,29,25.6,29,57,84,120,157,183,211,239,274,299
"K967-P52",39,35,31.2,26,25.2,22.6,24.2,19.8,21,17.4,9,37,72,100,135,163,191,219,255,282
"K449-P69",22.4,28,24.8,NA,NA,NA,NA,NA,NA,NA,67,94,129,NA,NA,NA,NA,NA,NA,NA
"K599-P462",37,38.6,39.6,36.6,35,35,31,27.6,NA,NA,27,70,90,126,167,216,251,303,NA,NA
"K373-P316",10,31.8,NA,NA,NA,NA,NA,NA,NA,NA,253,309,NA,NA,NA,NA,NA,NA,NA,NA
"K382-P329",36.1,37.9,36.3,31.9,26.8,26.9,24.4,21.8,14.2,21.9,16,58,87,121,149,192,221,256,296,338
"K418-P206",20.3,23.9,27,17.5,18,17,18.1,16.8,12.8,NA,24,52,75,115,144,172,206,235,263,NA
"K52-P64",38.6,38.4,33.5,33.9,29.9,29.6,32.7,31.5,27.5,30.2,51,72,107,135,170,225,253,288,317,345
"K776-P676",20.7,33.9,3.6,32.9,29.9,28.4,27.4,29,24.6,24.8,9,36,63,132,190,223,252,278,313,374
"K727-P160",NA,NA,NA,NA,NA,NA,NA,NA,NA,NA,NA,NA,NA,NA,NA,NA,NA,NA,NA,NA
"K243-P561",NA,NA,NA,NA,NA,NA,NA,NA,NA,NA,NA,NA,NA,NA,NA,NA,NA,NA,NA,NA
"K340-P652",25.6,26.4,24.7,NA,NA,NA,NA,NA,NA,NA,12,38,91,NA,NA,NA,NA,NA,NA,NA
"K61-P923",29.8,31,30.4,24,23.6,21.4,20,17,16,NA,15,57,93,126,157,205,233,269,304,NA
"K482-P57",36.7,32.9,NA,NA,NA,NA,NA,NA,NA,NA,42,71,NA,NA,NA,NA,NA,NA,NA,NA
"K384-P432",21.8,37.6,25.2,33.1,35.3,31.3,32.8,32.8,NA,NA,8,49,80,113,142,177,220,267,NA,NA
"K763-P220",30.7,34.4,33.3,32.3,36.5,31.9,23.5,NA,NA,NA,32,56,92,118,185,220,254,NA,NA,NA
"K301-P1475",NA,NA,NA,NA,NA,NA,NA,NA,NA,NA,NA,NA,NA,NA,NA,NA,NA,NA,NA,NA
"K735-P689",NA,NA,NA,NA,NA,NA,NA,NA,NA,NA,NA,NA,NA,NA,NA,NA,NA,NA,NA,NA
"K54-P305",36.4,37.2,32.4,29.8,24.6,24,23.4,20,14.6,NA,31,56,87,119,154,192,220,255,288,NA
"K518-P30",37.8,47.6,41.9,33.2,33.3,25.2,NA,NA,NA,NA,45,66,101,137,170,214,NA,NA,NA,NA
"K894-P105",24.7,36.1,34.3,31.9,31.1,29.3,28.9,28.1,24.7,24,7,44,84,120,148,184,209,239,281,322
"K864-P179",29.6,31.8,26.8,26.6,24.9,23.2,19.7,16.2,6.3,NA,20,60,81,149,192,227,312,344,381,NA
"K101-P138",NA,NA,NA,NA,NA,NA,NA,NA,NA,NA,NA,NA,NA,NA,NA,NA,NA,NA,NA,NA
"K306-P272",NA,NA,NA,NA,NA,NA,NA,NA,NA,NA,NA,NA,NA,NA,NA,NA,NA,NA,NA,NA
"K839-P69",42.6,43,43.9,39.9,27.2,NA,NA,NA,NA,NA,21,57,106,148,224,NA,NA,NA,NA,NA
"K378-P12",NA,NA,NA,NA,NA,NA,NA,NA,NA,NA,NA,NA,NA,NA,NA,NA,NA,NA,NA,NA
"K17-P318",24.2,22.6,24.4,21,18.6,18.6,17.8,18.4,17.6,18.8,31,59,96,122,150,185,213,241,276,304
"K797-P711",38.3,46.6,43.5,37.2,34.5,28.5,29.9,27,NA,NA,19,49,77,116,151,182,207,241,NA,NA
"K28-P888",27.3,30.9,26.4,25.8,25.2,25.2,26.4,22.9,25.6,NA,43,65,99,129,176,219,278,303,347,NA
"K315-P580",39.6,39.2,38.6,32.6,31.8,31.6,28.8,25.6,20.8,12.8,37,64,91,125,154,184,212,238,268,309
"K243-P508",NA,NA,NA,NA,NA,NA,NA,NA,NA,NA,NA,NA,NA,NA,NA,NA,NA,NA,NA,NA
"K884-P241",31.3,35.5,44.9,30.9,34,25.2,25.6,27.7,24.2,21.6,20,48,83,110,146,174,209,237,265,292
"K411-P103",33.4,29,26.9,20.1,20.3,14.2,NA,NA,NA,NA,16,45,85,150,175,216,NA,NA,NA,NA
"K497-P31",36,23.8,32.6,34.4,38.8,36.6,33.8,29.4,18.8,NA,16,42,70,106,154,196,226,268,307,NA
"K636-P240",32.6,37.8,32.8,31.6,35,32.6,30.7,27.8,25.2,26.4,12,47,75,103,138,166,194,232,265,285
"K328-P760",40.2,33,31,24.8,23,16.8,9.9,NA,NA,NA,86,124,159,201,234,277,311,NA,NA,NA
"K605-P521",55.2,57.7,44,43.1,34.8,28.4,10.2,13.9,10.1,NA,23,56,79,112,141,168,191,227,258,NA
"K85-P341",19.4,16.4,15,15.6,13.4,12.2,13.8,NA,NA,NA,183,214,249,289,317,361,395,NA,NA,NA
"K510-P204",69.9,45.4,43.2,41.4,31.8,30.5,26.7,25.2,20.7,23.2,20,47,102,137,165,200,228,255,291,328
"K604-P301",NA,NA,NA,NA,NA,NA,NA,NA,NA,NA,NA,NA,NA,NA,NA,NA,NA,NA,NA,NA
"K612-P1254",29.4,25.4,22.9,23.1,19.9,17.9,16.7,16.1,14.1,13.6,46,112,130,163,196,225,259,287,318,347
"K764-P120",23.6,21.8,24.8,NA,NA,NA,NA,NA,NA,NA,15,44,70,NA,NA,NA,NA,NA,NA,NA
"K672-P161",NA,NA,NA,NA,NA,NA,NA,NA,NA,NA,NA,NA,NA,NA,NA,NA,NA,NA,NA,NA
"K37-P1164",32.7,40.9,44.1,43.3,42.2,32.8,31.1,30.5,NA,NA,16,45,72,116,149,184,219,262,NA,NA
"K953-P2216",NA,NA,NA,NA,NA,NA,NA,NA,NA,NA,NA,NA,NA,NA,NA,NA,NA,NA,NA,NA
"K869-P207",31.7,33.1,27.4,25.2,29.2,29.9,17.9,26,19.7,15.5,28,56,91,122,147,176,210,238,268,301
"K259-P150",NA,NA,NA,NA,NA,NA,NA,NA,NA,NA,NA,NA,NA,NA,NA,NA,NA,NA,NA,NA
"K907-P237",37.4,46.3,42.4,37.3,31.7,NA,NA,NA,NA,NA,10,37,97,155,206,NA,NA,NA,NA,NA
"K148-P129",44.3,45.9,35.1,31.5,32.9,31.1,24.8,NA,NA,NA,23,50,87,114,150,177,198,NA,NA,NA
"K551-P146",41.4,37,39.7,31.5,30.6,31.5,29.6,26.4,25.7,21.7,22,51,86,114,148,177,205,240,268,296
"K243-P576",NA,NA,NA,NA,NA,NA,NA,NA,NA,NA,NA,NA,NA,NA,NA,NA,NA,NA,NA,NA
"K377-P730",16.3,31.4,37.5,33,21.1,30.2,27.7,31.6,29.4,28.2,5,34,61,103,132,178,213,263,298,318
"K968-P160",26.4,25.4,26.8,NA,NA,NA,NA,NA,NA,NA,19,69,125,NA,NA,NA,NA,NA,NA,NA
"K99-P243",34,NA,NA,NA,NA,NA,NA,NA,NA,NA,17,NA,NA,NA,NA,NA,NA,NA,NA,NA
"K968-P100",40.6,37.4,40.2,35.3,35.9,29.9,NA,NA,NA,NA,44,100,137,205,233,282,NA,NA,NA,NA
"K368-P1245",34.8,26.4,33.4,31,24.4,35.6,22,26.6,NA,NA,53,87,135,164,199,232,275,296,NA,NA
"K918-P71",NA,NA,NA,NA,NA,NA,NA,NA,NA,NA,NA,NA,NA,NA,NA,NA,NA,NA,NA,NA
"K435-P253",33.6,NA,NA,NA,NA,NA,NA,NA,NA,NA,25,NA,NA,NA,NA,NA,NA,NA,NA,NA
"K504-P431",27.5,32,29,26,23.2,23.3,39.4,27,25,NA,46,90,144,194,244,292,502,564,698,NA
"K683-P1298",29,52.7,38.6,42.1,36.4,27,31.9,31.8,32.5,30,34,62,97,126,154,191,217,249,279,305
"K356-P605",NA,NA,NA,NA,NA,NA,NA,NA,NA,NA,NA,NA,NA,NA,NA,NA,NA,NA,NA,NA
"K283-P477",42.7,44,36.8,35.8,40.3,30.3,28.5,28,29.1,26.8,64,88,127,157,196,234,274,310,345,374
"K211-P185",22.9,23.3,23.5,19.9,19.5,16.2,14.9,16.4,12.6,13.8,342,370,405,440,476,502,530,558,595,622
"K3-P436",35.2,32.8,25.7,11.2,NA,NA,NA,NA,NA,NA,76,117,230,291,NA,NA,NA,NA,NA,NA
"K332-P1194",31.3,29.8,27.7,23.9,26.4,26,20.2,NA,NA,NA,38,70,96,129,170,207,244,NA,NA,NA
"K950-P219",38,37,30,30,25.8,NA,NA,NA,NA,NA,47,74,117,156,186,NA,NA,NA,NA,NA
"K568-P427",23.4,23.8,24.6,20.6,NA,NA,NA,NA,NA,NA,228,263,291,319,NA,NA,NA,NA,NA,NA
"K658-P725",52.2,58.8,56,50.6,46.6,42.4,36.6,31,29.2,30.4,25,60,88,116,151,179,207,242,270,298
"K8-P405",44.3,31.9,32.7,27.6,18.5,NA,NA,NA,NA,NA,34,104,164,190,261,NA,NA,NA,NA,NA
"K816-P229",40.8,51.2,45,47,35.3,33.5,24.4,22.9,NA,NA,32,59,87,117,153,180,214,269,NA,NA
"K231-P289",45.5,49.1,48.9,39.1,42.4,23.8,30.9,28.1,27.1,24.4,14,46,74,102,132,166,203,230,264,286
"K281-P204",27.1,37,39.4,37,44.1,34,36.4,18.2,19,NA,13,55,101,145,195,234,276,320,361,NA
"K576-P304",NA,NA,NA,NA,NA,NA,NA,NA,NA,NA,NA,NA,NA,NA,NA,NA,NA,NA,NA,NA
"K953-P2350",NA,NA,NA,NA,NA,NA,NA,NA,NA,NA,NA,NA,NA,NA,NA,NA,NA,NA,NA,NA
"K843-P32",30,39.4,40.7,NA,NA,NA,NA,NA,NA,NA,10,40,74,NA,NA,NA,NA,NA,NA,NA
"K13-P490",30.2,25.6,27,26.9,25.1,22.4,21.4,16.3,NA,NA,37,73,115,151,191,226,261,299,NA,NA
"K605-P646",30.1,30.3,31.5,31.4,32.9,27.9,28.3,23.1,17.8,16.9,29,53,86,109,142,171,198,221,257,288
"K718-P399",31.1,5.9,NA,NA,NA,NA,NA,NA,NA,NA,14,110,NA,NA,NA,NA,NA,NA,NA,NA
"K665-P232",NA,NA,NA,NA,NA,NA,NA,NA,NA,NA,NA,NA,NA,NA,NA,NA,NA,NA,NA,NA
"K408-P342",41.4,45.5,40.5,49.5,43.3,44.7,37.1,33.5,32.5,14.2,31,61,94,130,157,185,220,248,276,312
"K204-P286",32.8,36,35.2,31,26.5,20,13.4,NA,NA,NA,14,43,64,99,134,162,198,NA,NA,NA
"K387-P17",34.6,27.9,NA,NA,NA,NA,NA,NA,NA,NA,31,58,NA,NA,NA,NA,NA,NA,NA,NA
"K34-P176",NA,NA,NA,NA,NA,NA,NA,NA,NA,NA,NA,NA,NA,NA,NA,NA,NA,NA,NA,NA
"K386-P240",NA,NA,NA,NA,NA,NA,NA,NA,NA,NA,NA,NA,NA,NA,NA,NA,NA,NA,NA,NA
"K535-P197",NA,NA,NA,NA,NA,NA,NA,NA,NA,NA,NA,NA,NA,NA,NA,NA,NA,NA,NA,NA
"K121-P102",24.4,33.4,30.9,29.4,26.7,25.2,24.6,24.2,16.7,NA,39,61,90,128,152,183,206,250,281,NA
"K610-P415",31,34.7,32,26.4,23,NA,NA,NA,NA,NA,19,55,96,133,170,NA,NA,NA,NA,NA
"K432-P61",34.2,36.7,28.2,27.8,26.8,22.4,NA,NA,NA,NA,37,65,113,142,177,212,NA,NA,NA,NA
"K292-P243",26,26.2,23.4,23,18.8,14.2,NA,17.6,NA,NA,19,47,110,139,173,203,230,255,NA,NA
"K482-P289",35.9,41.3,27.5,34,28.5,26,28.1,23.7,NA,NA,73,130,157,184,219,247,276,311,NA,NA
"K464-P244",18.9,31.7,23.5,29.2,NA,NA,NA,NA,NA,NA,21,56,88,114,NA,NA,NA,NA,NA,NA
"K487-P247",29.1,NA,NA,NA,NA,NA,NA,NA,NA,NA,130,NA,NA,NA,NA,NA,NA,NA,NA,NA
"K317-P15",24.7,29.6,19.1,11.9,NA,NA,NA,NA,NA,NA,103,134,226,282,NA,NA,NA,NA,NA,NA
"K250-P382",NA,37.9,41.3,33.1,36.8,38.7,31.6,33.1,33.1,29.8,4,66,94,137,185,220,250,311,340,405
"K377-P623",NA,NA,NA,NA,NA,NA,NA,NA,NA,NA,NA,NA,NA,NA,NA,NA,NA,NA,NA,NA
"K648-P452",38.2,22.1,46.2,37.4,35,38.6,35.5,38.6,33.6,28.1,20,45,78,110,139,175,209,231,260,302
"K225-P354",NA,NA,NA,NA,NA,NA,NA,NA,NA,NA,NA,NA,NA,NA,NA,NA,NA,NA,NA,NA
"K956-P370",19.7,29.9,22.1,26.4,33.5,27.6,29.6,28.8,31.5,27.2,8,39,72,109,135,169,220,255,290,338
"K405-P408",41.6,37.6,34.6,26.3,19.7,14.2,NA,NA,NA,NA,113,159,190,225,264,300,NA,NA,NA,NA
"K935-P12",41,42,39.8,36.7,31.7,28.8,29.5,27.8,26.5,25.7,23,52,81,109,144,172,208,234,270,297
"K369-P988",38.2,37,34.4,34.8,27.6,26,23.8,24,NA,NA,28,65,99,135,182,224,254,281,NA,NA
"K590-P211",29.2,29.9,25.6,23.9,20.3,17.7,10.9,NA,NA,NA,35,86,143,213,261,329,419,NA,NA,NA
"K358-P836",NA,NA,NA,NA,NA,NA,NA,NA,NA,NA,NA,NA,NA,NA,NA,NA,NA,NA,NA,NA
"K244-P101",33,37.2,40.4,24.2,32.2,28.2,26.2,20.4,19.8,18.4,27,62,89,118,153,181,216,243,271,307
"K272-P493",23,28,25.6,21.2,24.4,23,19.6,19.2,17,18.4,34,69,103,138,168,211,251,288,327,356
"K278-P494",38.6,40.8,37.2,38.2,36,30.8,26,21.8,12.6,NA,27,55,90,118,146,174,209,258,329,NA
"K279-P383",NA,NA,NA,NA,NA,NA,NA,NA,NA,NA,NA,NA,NA,NA,NA,NA,NA,NA,NA,NA
"K16-P265",31.5,28.4,24.1,24.2,29.4,29.4,23.1,22.1,26.3,18.9,75,110,138,166,201,232,257,293,320,348
"K665-P247",NA,NA,NA,NA,NA,NA,NA,NA,NA,NA,NA,NA,NA,NA,NA,NA,NA,NA,NA,NA
"K753-P7",36.1,NA,NA,NA,NA,NA,NA,NA,NA,NA,10,NA,NA,NA,NA,NA,NA,NA,NA,NA
"K953-P2501",NA,NA,NA,NA,NA,NA,NA,NA,NA,NA,NA,NA,NA,NA,NA,NA,NA,NA,NA,NA
"K436-P179",35.1,36.3,39.9,32.9,39.9,31.7,25.2,19.5,16,16.8,31,59,124,151,186,213,241,278,307,335
"K688-P692",34.3,35.5,35,28,NA,NA,NA,NA,NA,NA,22,57,161,200,NA,NA,NA,NA,NA,NA
"K952-P371",25.3,25.3,25.3,20.7,20.3,25.3,19.9,19.9,15.3,24.5,28,56,84,119,147,175,238,266,329,357
"K393-P229",15.1,26,24.8,NA,NA,NA,NA,NA,NA,NA,7,49,91,NA,NA,NA,NA,NA,NA,NA
"K640-P115",NA,NA,NA,NA,NA,NA,NA,NA,NA,NA,NA,NA,NA,NA,NA,NA,NA,NA,NA,NA
"K157-P487",NA,NA,NA,NA,NA,NA,NA,NA,NA,NA,NA,NA,NA,NA,NA,NA,NA,NA,NA,NA
"K323-P1572",NA,NA,NA,NA,NA,NA,NA,NA,NA,NA,NA,NA,NA,NA,NA,NA,NA,NA,NA,NA
"K63-P970",58.2,53.8,47,43.2,40.8,36.2,34.2,37.2,36,34,35,61,89,125,159,193,216,243,277,312
"K368-P918",26,30.2,NA,NA,NA,NA,NA,NA,NA,NA,8,43,NA,NA,NA,NA,NA,NA,NA,NA
"K939-P65",NA,35.6,37.8,26.1,27.7,23.2,25.3,23.3,31.1,20.5,4,32,55,95,123,151,186,214,242,277
"K956-P355",7.3,21.7,20.3,22.1,17.9,21.7,20.7,21.7,18.3,15.4,10,58,86,126,157,190,227,253,287,338
"K141-P624",22.9,20.5,25.9,23.8,22.5,22,25.9,15.6,16.7,NA,16,43,72,104,135,163,205,233,260,NA
"K172-P173",NA,NA,NA,NA,NA,NA,NA,NA,NA,NA,NA,NA,NA,NA,NA,NA,NA,NA,NA,NA
"K425-P414",46.2,44.9,48.2,40.5,38.6,39.1,39.2,39.8,16.4,33.8,10,43,83,107,136,169,198,224,260,290
"K840-P48",25.9,41,41.6,42.2,33.8,27.7,23.2,27.6,NA,NA,18,93,119,157,197,227,267,303,NA,NA
"K540-P285",NA,NA,NA,NA,NA,NA,NA,NA,NA,NA,NA,NA,NA,NA,NA,NA,NA,NA,NA,NA
"K396-P788",43.3,43.4,45.3,42,36.7,31.9,30.4,27.9,30.8,20.6,26,59,93,129,173,222,241,282,324,367
"K957-P380",51.2,39.4,37.8,47.8,33.6,28.8,25.6,27.7,27.3,17.2,124,159,200,232,273,320,357,386,435,482
"K268-P505",30.6,50.4,38.6,36.1,41.8,37.4,29.6,NA,NA,NA,13,55,83,120,156,188,216,NA,NA,NA
"K170-P847",43.8,52.1,56.7,57.1,56.1,44.2,53.5,41.8,39.8,37.4,16,64,87,108,141,166,197,226,267,292
"K272-P453",39,40.8,33.2,34.2,32.8,NA,NA,NA,NA,NA,21,56,90,125,155,NA,NA,NA,NA,NA
"K264-P922",22.4,22.6,24,27.7,23.3,25.5,25.5,27,24.2,26.7,43,77,110,138,167,201,229,259,285,328
"K48-P1025",36.7,36.7,32.4,29.7,30.5,23.9,22.2,16.8,13.5,11.5,31,59,93,122,149,179,215,243,278,313
"K316-P639",37.4,38.2,38.2,34.2,20,24.6,22,20.6,NA,NA,28,62,90,126,153,188,217,262,NA,NA
"K871-P305",26.6,27,25.8,26,23.2,NA,NA,NA,NA,NA,261,296,324,352,381,NA,NA,NA,NA,NA
"K765-P39",NA,NA,NA,NA,NA,NA,NA,NA,NA,NA,NA,NA,NA,NA,NA,NA,NA,NA,NA,NA
"K445-P367",37.1,36.5,39.3,40,39.1,29.1,29.7,27.6,23,20.5,25,53,81,109,136,172,200,228,268,291
"K370-P534",28.6,35.8,31.2,26.2,21.4,16.8,4.2,NA,NA,NA,27,67,90,118,146,175,224,NA,NA,NA
"K458-P131",48.6,48.5,42,38.9,33.7,34.4,28.7,32.1,25.8,NA,16,51,79,107,142,170,197,226,254,NA
"K700-P188",NA,NA,NA,NA,NA,NA,NA,NA,NA,NA,NA,NA,NA,NA,NA,NA,NA,NA,NA,NA
"K724-P144",28.4,30.6,27.5,NA,NA,NA,NA,NA,NA,NA,11,39,74,NA,NA,NA,NA,NA,NA,NA
"K841-P46",30.9,31.9,34.3,28.4,24.8,26,26.1,15.9,NA,NA,65,98,126,155,182,211,252,282,NA,NA
"K193-P65",NA,NA,NA,NA,NA,NA,NA,NA,NA,NA,NA,NA,NA,NA,NA,NA,NA,NA,NA,NA
"K907-P299",28.2,29.3,29.4,25.7,19.7,23.5,NA,NA,NA,NA,21,55,82,142,200,251,NA,NA,NA,NA
"K718-P662",31.1,25.7,23.3,21.8,18.8,17.5,16.7,NA,NA,NA,132,168,252,321,350,378,402,NA,NA,NA
"K753-P119",35.1,35.5,30.8,35.1,32.1,32.3,30.9,29.1,20.5,16.2,29,55,83,113,148,173,201,232,265,299
"K649-P419",NA,NA,NA,NA,NA,NA,NA,NA,NA,NA,NA,NA,NA,NA,NA,NA,NA,NA,NA,NA
"K605-P675",30.1,35.3,35.6,34.7,34.5,31.8,26.8,26.1,23,21.4,17,45,80,109,141,164,211,242,270,302
"K799-P381",26.2,42.8,28.3,35.2,37.2,29.4,27.9,28.7,24.4,16.4,7,42,70,98,132,161,192,224,252,287
"K595-P458",34.5,40.2,35.3,35.7,35.7,29.4,37.8,33.8,29.1,24.3,8,43,72,99,134,164,191,225,254,288
"K345-P755",51.8,45.4,NA,NA,NA,NA,NA,NA,NA,NA,341,381,NA,NA,NA,NA,NA,NA,NA,NA
"K554-P503",30.8,44.2,40.3,43.1,44.8,NA,NA,NA,NA,NA,5,44,71,107,143,NA,NA,NA,NA,NA
"K232-P564",29.8,1.9,NA,NA,NA,NA,NA,NA,NA,NA,11,74,NA,NA,NA,NA,NA,NA,NA,NA
"K360-P660",20.1,18.9,21.4,NA,NA,NA,NA,NA,NA,NA,319,353,388,NA,NA,NA,NA,NA,NA,NA
"K923-P72",NA,NA,NA,NA,NA,NA,NA,NA,NA,NA,NA,NA,NA,NA,NA,NA,NA,NA,NA,NA
"K877-P150",36.5,36.2,35.7,30.6,28.1,28,23.8,23.1,20.3,NA,30,60,88,130,169,215,251,281,334,NA
"K232-P541",32.4,29.8,26.8,26,23.4,22.3,27.9,20.8,NA,NA,19,48,76,112,137,175,202,231,NA,NA
"K334-P579",7.4,NA,NA,NA,NA,NA,NA,NA,NA,NA,332,NA,NA,NA,NA,NA,NA,NA,NA,NA
"K435-P431",16.4,NA,NA,NA,NA,NA,NA,NA,NA,NA,12,NA,NA,NA,NA,NA,NA,NA,NA,NA
"K935-P87",23.1,25.6,23.1,20.9,24.3,24.9,23.8,22.5,21.1,24.6,31,59,95,121,157,184,212,239,268,300
"K71-P216",42.4,49.9,46.3,42.8,38.3,39.2,37.4,29.1,29.5,25.5,12,43,75,103,138,166,200,234,262,298
"K671-P244",NA,NA,NA,NA,NA,NA,NA,NA,NA,NA,NA,NA,NA,NA,NA,NA,NA,NA,NA,NA
"K836-P261",33.9,48.3,45.6,40.5,38.5,29,39.3,29.8,17.7,NA,6,57,85,126,161,190,217,252,280,NA
"K602-P291",42.5,40.9,33.5,31.6,31.2,27.8,24.3,24.8,29.7,30.4,23,57,86,113,149,177,211,240,268,296
"K826-P116",28.8,45.4,43,28.4,25.2,25.1,22.2,21.7,16,18.3,30,64,109,191,239,267,303,339,374,408
